step	accuracy
0	0.8571428571428571
0	0.8428571428571429
0	0.8714285714285714
0	0.7714285714285715
0	0.8857142857142857
