step	precision
0	0.873015873015873
0	0.8333333333333334
0	0.9
0	0.8214285714285714
0	0.9122807017543859
