step	recall
0	0.9649122807017544
0	0.9803921568627451
0	0.9183673469387755
0	0.8846153846153846
0	0.9454545454545454
