{
    "accuracy": 0.9263803680981595,
    "precision": 1.0,
    "recall": 0.7777777777777778
}
