{
    "accuracy": 0.9335038363171355,
    "precision": 1.0,
    "recall": 0.7796610169491526
}
