{
    "accuracy": 0.948849104859335,
    "precision": 1.0,
    "recall": 0.8305084745762712
}
