step	accuracy
0	0.9360613810741688
0	0.9232736572890026
0	0.9386189258312021
0	0.9309462915601023
0	0.948849104859335
