step	accuracy
0	0.928388746803069
0	0.9130434782608695
0	0.9309462915601023
0	0.9258312020460358
0	0.9335038363171355
