step	accuracy
0	0.9406952965235174
0	0.9386503067484663
0	0.9468302658486708
0	0.9386503067484663
0	0.9263803680981595
