step	precision
0	0.918918918918919
0	0.9873417721518988
0	1.0
0	0.9888888888888889
0	1.0
