step	precision
0	0.9532710280373832
0	0.9879518072289156
0	1.0
0	0.9891304347826086
0	1.0
