step	precision
0	0.9779411764705882
0	0.9919354838709677
0	0.9878048780487805
0	1.0
0	1.0
