step	recall
0	0.8364779874213837
0	0.8092105263157895
0	0.7641509433962265
0	0.781021897810219
0	0.7777777777777778
