step	recall
0	0.8429752066115702
0	0.7027027027027027
0	0.7352941176470589
0	0.7606837606837606
0	0.7796610169491526
