step	recall
0	0.8429752066115702
0	0.7387387387387387
0	0.7647058823529411
0	0.7777777777777778
0	0.8305084745762712
